mpirun -np 2 -hostfile /home/debian/hostfile /home/debian/fractal_mpi -i 20000 -s 4 -cx -0.7454286 -cy 0.1130089 -z 327000 -t 0 -b 32 --color_mode 5 -w 32 -h 32 -b 32,0.7955789279985765
mpirun -np 2 -hostfile /home/debian/hostfile /home/debian/fractal_mpi -i 20000 -s 4 -cx -0.7454286 -cy 0.1130089 -z 327000 -t 0 -b 32 --color_mode 5 -w 32 -h 32 -b 32,0.7366200379983638
mpirun -np 2 -hostfile /home/debian/hostfile /home/debian/fractal_mpi -i 20000 -s 4 -cx -0.7454286 -cy 0.1130089 -z 327000 -t 0 -b 32 --color_mode 5 -w 32 -h 32 -b 32,0.7388384199985012
mpirun -np 2 -hostfile /home/debian/hostfile /home/debian/fractal_mpi -i 20000 -s 4 -cx -0.7454286 -cy 0.1130089 -z 327000 -t 0 -b 32 --color_mode 5 -w 32 -h 32 -b 32,0.7299164379983267
mpirun -np 2 -hostfile /home/debian/hostfile /home/debian/fractal_mpi -i 20000 -s 4 -cx -0.7454286 -cy 0.1130089 -z 327000 -t 0 -b 32 --color_mode 5 -w 32 -h 32 -b 32,0.7375973000016529
mpirun -np 2 -hostfile /home/debian/hostfile /home/debian/fractal_mpi -i 20000 -s 4 -cx -0.7454286 -cy 0.1130089 -z 327000 -t 0 -b 32 --color_mode 5 -w 32 -h 32 -b 32,0.7245405120011128
mpirun -np 2 -hostfile /home/debian/hostfile /home/debian/fractal_mpi -i 20000 -s 4 -cx -0.7454286 -cy 0.1130089 -z 327000 -t 0 -b 32 --color_mode 5 -w 32 -h 32 -b 32,0.7363750399999844
mpirun -np 2 -hostfile /home/debian/hostfile /home/debian/fractal_mpi -i 20000 -s 4 -cx -0.7454286 -cy 0.1130089 -z 327000 -t 0 -b 32 --color_mode 5 -w 32 -h 32 -b 32,0.7012554950015328
mpirun -np 2 -hostfile /home/debian/hostfile /home/debian/fractal_mpi -i 20000 -s 4 -cx -0.7454286 -cy 0.1130089 -z 327000 -t 0 -b 32 --color_mode 5 -w 32 -h 32 -b 32,0.7172383489996719
mpirun -np 2 -hostfile /home/debian/hostfile /home/debian/fractal_mpi -i 20000 -s 4 -cx -0.7454286 -cy 0.1130089 -z 327000 -t 0 -b 32 --color_mode 5 -w 32 -h 32 -b 32,0.7298055520004709
mpirun -np 4 -hostfile /home/debian/hostfile /home/debian/fractal_mpi -i 20000 -s 4 -cx -0.7454286 -cy 0.1130089 -z 327000 -t 0 -b 32 --color_mode 5 -w 32 -h 32 -b 32,0.7039431810007954
mpirun -np 4 -hostfile /home/debian/hostfile /home/debian/fractal_mpi -i 20000 -s 4 -cx -0.7454286 -cy 0.1130089 -z 327000 -t 0 -b 32 --color_mode 5 -w 32 -h 32 -b 32,0.7382269269983226
mpirun -np 4 -hostfile /home/debian/hostfile /home/debian/fractal_mpi -i 20000 -s 4 -cx -0.7454286 -cy 0.1130089 -z 327000 -t 0 -b 32 --color_mode 5 -w 32 -h 32 -b 32,0.7461595019995002
mpirun -np 4 -hostfile /home/debian/hostfile /home/debian/fractal_mpi -i 20000 -s 4 -cx -0.7454286 -cy 0.1130089 -z 327000 -t 0 -b 32 --color_mode 5 -w 32 -h 32 -b 32,0.7069903079973301
mpirun -np 4 -hostfile /home/debian/hostfile /home/debian/fractal_mpi -i 20000 -s 4 -cx -0.7454286 -cy 0.1130089 -z 327000 -t 0 -b 32 --color_mode 5 -w 32 -h 32 -b 32,0.7031957459985279
mpirun -np 4 -hostfile /home/debian/hostfile /home/debian/fractal_mpi -i 20000 -s 4 -cx -0.7454286 -cy 0.1130089 -z 327000 -t 0 -b 32 --color_mode 5 -w 32 -h 32 -b 32,0.7362714660011989
mpirun -np 4 -hostfile /home/debian/hostfile /home/debian/fractal_mpi -i 20000 -s 4 -cx -0.7454286 -cy 0.1130089 -z 327000 -t 0 -b 32 --color_mode 5 -w 32 -h 32 -b 32,0.7421576170017943
mpirun -np 4 -hostfile /home/debian/hostfile /home/debian/fractal_mpi -i 20000 -s 4 -cx -0.7454286 -cy 0.1130089 -z 327000 -t 0 -b 32 --color_mode 5 -w 32 -h 32 -b 32,0.7224167629974545
mpirun -np 4 -hostfile /home/debian/hostfile /home/debian/fractal_mpi -i 20000 -s 4 -cx -0.7454286 -cy 0.1130089 -z 327000 -t 0 -b 32 --color_mode 5 -w 32 -h 32 -b 32,0.6901615960014169
mpirun -np 4 -hostfile /home/debian/hostfile /home/debian/fractal_mpi -i 20000 -s 4 -cx -0.7454286 -cy 0.1130089 -z 327000 -t 0 -b 32 --color_mode 5 -w 32 -h 32 -b 32,0.7050583819982421
mpirun -np 8 -hostfile /home/debian/hostfile /home/debian/fractal_mpi -i 20000 -s 4 -cx -0.7454286 -cy 0.1130089 -z 327000 -t 0 -b 32 --color_mode 5 -w 32 -h 32 -b 32,0.7347045139977126
mpirun -np 8 -hostfile /home/debian/hostfile /home/debian/fractal_mpi -i 20000 -s 4 -cx -0.7454286 -cy 0.1130089 -z 327000 -t 0 -b 32 --color_mode 5 -w 32 -h 32 -b 32,0.7349822280011722
mpirun -np 8 -hostfile /home/debian/hostfile /home/debian/fractal_mpi -i 20000 -s 4 -cx -0.7454286 -cy 0.1130089 -z 327000 -t 0 -b 32 --color_mode 5 -w 32 -h 32 -b 32,0.7715779239988478
mpirun -np 8 -hostfile /home/debian/hostfile /home/debian/fractal_mpi -i 20000 -s 4 -cx -0.7454286 -cy 0.1130089 -z 327000 -t 0 -b 32 --color_mode 5 -w 32 -h 32 -b 32,0.7651433960018039
mpirun -np 8 -hostfile /home/debian/hostfile /home/debian/fractal_mpi -i 20000 -s 4 -cx -0.7454286 -cy 0.1130089 -z 327000 -t 0 -b 32 --color_mode 5 -w 32 -h 32 -b 32,0.766538149000553
mpirun -np 8 -hostfile /home/debian/hostfile /home/debian/fractal_mpi -i 20000 -s 4 -cx -0.7454286 -cy 0.1130089 -z 327000 -t 0 -b 32 --color_mode 5 -w 32 -h 32 -b 32,0.7804303800003254
mpirun -np 8 -hostfile /home/debian/hostfile /home/debian/fractal_mpi -i 20000 -s 4 -cx -0.7454286 -cy 0.1130089 -z 327000 -t 0 -b 32 --color_mode 5 -w 32 -h 32 -b 32,0.7908262430028117
mpirun -np 8 -hostfile /home/debian/hostfile /home/debian/fractal_mpi -i 20000 -s 4 -cx -0.7454286 -cy 0.1130089 -z 327000 -t 0 -b 32 --color_mode 5 -w 32 -h 32 -b 32,0.7413128540028993
mpirun -np 8 -hostfile /home/debian/hostfile /home/debian/fractal_mpi -i 20000 -s 4 -cx -0.7454286 -cy 0.1130089 -z 327000 -t 0 -b 32 --color_mode 5 -w 32 -h 32 -b 32,0.7676773249986582
mpirun -np 8 -hostfile /home/debian/hostfile /home/debian/fractal_mpi -i 20000 -s 4 -cx -0.7454286 -cy 0.1130089 -z 327000 -t 0 -b 32 --color_mode 5 -w 32 -h 32 -b 32,0.744313447001332
mpirun -np 16 -hostfile /home/debian/hostfile /home/debian/fractal_mpi -i 20000 -s 4 -cx -0.7454286 -cy 0.1130089 -z 327000 -t 0 -b 32 --color_mode 5 -w 32 -h 32 -b 32,0.7317905640011304
mpirun -np 16 -hostfile /home/debian/hostfile /home/debian/fractal_mpi -i 20000 -s 4 -cx -0.7454286 -cy 0.1130089 -z 327000 -t 0 -b 32 --color_mode 5 -w 32 -h 32 -b 32,0.7490639119969273
mpirun -np 16 -hostfile /home/debian/hostfile /home/debian/fractal_mpi -i 20000 -s 4 -cx -0.7454286 -cy 0.1130089 -z 327000 -t 0 -b 32 --color_mode 5 -w 32 -h 32 -b 32,0.7778260400009458
mpirun -np 16 -hostfile /home/debian/hostfile /home/debian/fractal_mpi -i 20000 -s 4 -cx -0.7454286 -cy 0.1130089 -z 327000 -t 0 -b 32 --color_mode 5 -w 32 -h 32 -b 32,0.7539623849988857
mpirun -np 16 -hostfile /home/debian/hostfile /home/debian/fractal_mpi -i 20000 -s 4 -cx -0.7454286 -cy 0.1130089 -z 327000 -t 0 -b 32 --color_mode 5 -w 32 -h 32 -b 32,0.768006364996836
mpirun -np 16 -hostfile /home/debian/hostfile /home/debian/fractal_mpi -i 20000 -s 4 -cx -0.7454286 -cy 0.1130089 -z 327000 -t 0 -b 32 --color_mode 5 -w 32 -h 32 -b 32,0.7636057970012189
mpirun -np 16 -hostfile /home/debian/hostfile /home/debian/fractal_mpi -i 20000 -s 4 -cx -0.7454286 -cy 0.1130089 -z 327000 -t 0 -b 32 --color_mode 5 -w 32 -h 32 -b 32,0.7547046020008565
mpirun -np 16 -hostfile /home/debian/hostfile /home/debian/fractal_mpi -i 20000 -s 4 -cx -0.7454286 -cy 0.1130089 -z 327000 -t 0 -b 32 --color_mode 5 -w 32 -h 32 -b 32,0.7541816949997155
mpirun -np 16 -hostfile /home/debian/hostfile /home/debian/fractal_mpi -i 20000 -s 4 -cx -0.7454286 -cy 0.1130089 -z 327000 -t 0 -b 32 --color_mode 5 -w 32 -h 32 -b 32,0.7363805460008734
mpirun -np 16 -hostfile /home/debian/hostfile /home/debian/fractal_mpi -i 20000 -s 4 -cx -0.7454286 -cy 0.1130089 -z 327000 -t 0 -b 32 --color_mode 5 -w 32 -h 32 -b 32,0.7669080220002797
mpirun -np 32 -hostfile /home/debian/hostfile /home/debian/fractal_mpi -i 20000 -s 4 -cx -0.7454286 -cy 0.1130089 -z 327000 -t 0 -b 32 --color_mode 5 -w 32 -h 32 -b 32,0.7377470659994287
mpirun -np 32 -hostfile /home/debian/hostfile /home/debian/fractal_mpi -i 20000 -s 4 -cx -0.7454286 -cy 0.1130089 -z 327000 -t 0 -b 32 --color_mode 5 -w 32 -h 32 -b 32,0.7304873809989658
mpirun -np 32 -hostfile /home/debian/hostfile /home/debian/fractal_mpi -i 20000 -s 4 -cx -0.7454286 -cy 0.1130089 -z 327000 -t 0 -b 32 --color_mode 5 -w 32 -h 32 -b 32,0.7642234370032384
mpirun -np 32 -hostfile /home/debian/hostfile /home/debian/fractal_mpi -i 20000 -s 4 -cx -0.7454286 -cy 0.1130089 -z 327000 -t 0 -b 32 --color_mode 5 -w 32 -h 32 -b 32,0.7566994889966736
mpirun -np 32 -hostfile /home/debian/hostfile /home/debian/fractal_mpi -i 20000 -s 4 -cx -0.7454286 -cy 0.1130089 -z 327000 -t 0 -b 32 --color_mode 5 -w 32 -h 32 -b 32,0.7505632210013573
mpirun -np 32 -hostfile /home/debian/hostfile /home/debian/fractal_mpi -i 20000 -s 4 -cx -0.7454286 -cy 0.1130089 -z 327000 -t 0 -b 32 --color_mode 5 -w 32 -h 32 -b 32,0.7645239209996362
mpirun -np 32 -hostfile /home/debian/hostfile /home/debian/fractal_mpi -i 20000 -s 4 -cx -0.7454286 -cy 0.1130089 -z 327000 -t 0 -b 32 --color_mode 5 -w 32 -h 32 -b 32,0.7353174249983567
mpirun -np 32 -hostfile /home/debian/hostfile /home/debian/fractal_mpi -i 20000 -s 4 -cx -0.7454286 -cy 0.1130089 -z 327000 -t 0 -b 32 --color_mode 5 -w 32 -h 32 -b 32,0.7543255390010017
mpirun -np 32 -hostfile /home/debian/hostfile /home/debian/fractal_mpi -i 20000 -s 4 -cx -0.7454286 -cy 0.1130089 -z 327000 -t 0 -b 32 --color_mode 5 -w 32 -h 32 -b 32,0.7701762829965446
mpirun -np 32 -hostfile /home/debian/hostfile /home/debian/fractal_mpi -i 20000 -s 4 -cx -0.7454286 -cy 0.1130089 -z 327000 -t 0 -b 32 --color_mode 5 -w 32 -h 32 -b 32,0.7662620580013026
mpirun -np 2 -hostfile /home/debian/hostfile /home/debian/fractal_mpi -i 20000 -s 4 -cx -0.7454286 -cy 0.1130089 -z 327000 -t 0 -b 32 --color_mode 5 -w 64 -h 64 -b 32,0.9259514000004856
mpirun -np 2 -hostfile /home/debian/hostfile /home/debian/fractal_mpi -i 20000 -s 4 -cx -0.7454286 -cy 0.1130089 -z 327000 -t 0 -b 32 --color_mode 5 -w 64 -h 64 -b 32,0.9504365850007161
mpirun -np 2 -hostfile /home/debian/hostfile /home/debian/fractal_mpi -i 20000 -s 4 -cx -0.7454286 -cy 0.1130089 -z 327000 -t 0 -b 32 --color_mode 5 -w 64 -h 64 -b 32,1.0216190979990643
mpirun -np 2 -hostfile /home/debian/hostfile /home/debian/fractal_mpi -i 20000 -s 4 -cx -0.7454286 -cy 0.1130089 -z 327000 -t 0 -b 32 --color_mode 5 -w 64 -h 64 -b 32,0.9294502890006697
mpirun -np 2 -hostfile /home/debian/hostfile /home/debian/fractal_mpi -i 20000 -s 4 -cx -0.7454286 -cy 0.1130089 -z 327000 -t 0 -b 32 --color_mode 5 -w 64 -h 64 -b 32,0.9457286319993727
mpirun -np 2 -hostfile /home/debian/hostfile /home/debian/fractal_mpi -i 20000 -s 4 -cx -0.7454286 -cy 0.1130089 -z 327000 -t 0 -b 32 --color_mode 5 -w 64 -h 64 -b 32,1.0432917030011595
mpirun -np 2 -hostfile /home/debian/hostfile /home/debian/fractal_mpi -i 20000 -s 4 -cx -0.7454286 -cy 0.1130089 -z 327000 -t 0 -b 32 --color_mode 5 -w 64 -h 64 -b 32,0.9254187830010778
mpirun -np 2 -hostfile /home/debian/hostfile /home/debian/fractal_mpi -i 20000 -s 4 -cx -0.7454286 -cy 0.1130089 -z 327000 -t 0 -b 32 --color_mode 5 -w 64 -h 64 -b 32,0.9578709550005442
mpirun -np 2 -hostfile /home/debian/hostfile /home/debian/fractal_mpi -i 20000 -s 4 -cx -0.7454286 -cy 0.1130089 -z 327000 -t 0 -b 32 --color_mode 5 -w 64 -h 64 -b 32,0.9932437089992163
mpirun -np 2 -hostfile /home/debian/hostfile /home/debian/fractal_mpi -i 20000 -s 4 -cx -0.7454286 -cy 0.1130089 -z 327000 -t 0 -b 32 --color_mode 5 -w 64 -h 64 -b 32,1.005002063997381
mpirun -np 4 -hostfile /home/debian/hostfile /home/debian/fractal_mpi -i 20000 -s 4 -cx -0.7454286 -cy 0.1130089 -z 327000 -t 0 -b 32 --color_mode 5 -w 64 -h 64 -b 32,0.7592762630010839
mpirun -np 4 -hostfile /home/debian/hostfile /home/debian/fractal_mpi -i 20000 -s 4 -cx -0.7454286 -cy 0.1130089 -z 327000 -t 0 -b 32 --color_mode 5 -w 64 -h 64 -b 32,0.7587587439993513
mpirun -np 4 -hostfile /home/debian/hostfile /home/debian/fractal_mpi -i 20000 -s 4 -cx -0.7454286 -cy 0.1130089 -z 327000 -t 0 -b 32 --color_mode 5 -w 64 -h 64 -b 32,0.8023773019995133
mpirun -np 4 -hostfile /home/debian/hostfile /home/debian/fractal_mpi -i 20000 -s 4 -cx -0.7454286 -cy 0.1130089 -z 327000 -t 0 -b 32 --color_mode 5 -w 64 -h 64 -b 32,0.7901114239975868
mpirun -np 4 -hostfile /home/debian/hostfile /home/debian/fractal_mpi -i 20000 -s 4 -cx -0.7454286 -cy 0.1130089 -z 327000 -t 0 -b 32 --color_mode 5 -w 64 -h 64 -b 32,0.7698071229970083
mpirun -np 4 -hostfile /home/debian/hostfile /home/debian/fractal_mpi -i 20000 -s 4 -cx -0.7454286 -cy 0.1130089 -z 327000 -t 0 -b 32 --color_mode 5 -w 64 -h 64 -b 32,0.7927464870008407
mpirun -np 4 -hostfile /home/debian/hostfile /home/debian/fractal_mpi -i 20000 -s 4 -cx -0.7454286 -cy 0.1130089 -z 327000 -t 0 -b 32 --color_mode 5 -w 64 -h 64 -b 32,0.7798532929991779
mpirun -np 4 -hostfile /home/debian/hostfile /home/debian/fractal_mpi -i 20000 -s 4 -cx -0.7454286 -cy 0.1130089 -z 327000 -t 0 -b 32 --color_mode 5 -w 64 -h 64 -b 32,0.782988809998642
mpirun -np 4 -hostfile /home/debian/hostfile /home/debian/fractal_mpi -i 20000 -s 4 -cx -0.7454286 -cy 0.1130089 -z 327000 -t 0 -b 32 --color_mode 5 -w 64 -h 64 -b 32,0.8274124899980961
mpirun -np 4 -hostfile /home/debian/hostfile /home/debian/fractal_mpi -i 20000 -s 4 -cx -0.7454286 -cy 0.1130089 -z 327000 -t 0 -b 32 --color_mode 5 -w 64 -h 64 -b 32,0.7812424610019661
mpirun -np 8 -hostfile /home/debian/hostfile /home/debian/fractal_mpi -i 20000 -s 4 -cx -0.7454286 -cy 0.1130089 -z 327000 -t 0 -b 32 --color_mode 5 -w 64 -h 64 -b 32,0.801664102000359
mpirun -np 8 -hostfile /home/debian/hostfile /home/debian/fractal_mpi -i 20000 -s 4 -cx -0.7454286 -cy 0.1130089 -z 327000 -t 0 -b 32 --color_mode 5 -w 64 -h 64 -b 32,0.81890010600182
mpirun -np 8 -hostfile /home/debian/hostfile /home/debian/fractal_mpi -i 20000 -s 4 -cx -0.7454286 -cy 0.1130089 -z 327000 -t 0 -b 32 --color_mode 5 -w 64 -h 64 -b 32,0.7971979950016248
mpirun -np 8 -hostfile /home/debian/hostfile /home/debian/fractal_mpi -i 20000 -s 4 -cx -0.7454286 -cy 0.1130089 -z 327000 -t 0 -b 32 --color_mode 5 -w 64 -h 64 -b 32,1.447407627998473
mpirun -np 8 -hostfile /home/debian/hostfile /home/debian/fractal_mpi -i 20000 -s 4 -cx -0.7454286 -cy 0.1130089 -z 327000 -t 0 -b 32 --color_mode 5 -w 64 -h 64 -b 32,0.7718045170004189
mpirun -np 8 -hostfile /home/debian/hostfile /home/debian/fractal_mpi -i 20000 -s 4 -cx -0.7454286 -cy 0.1130089 -z 327000 -t 0 -b 32 --color_mode 5 -w 64 -h 64 -b 32,0.7893797690012434
mpirun -np 8 -hostfile /home/debian/hostfile /home/debian/fractal_mpi -i 20000 -s 4 -cx -0.7454286 -cy 0.1130089 -z 327000 -t 0 -b 32 --color_mode 5 -w 64 -h 64 -b 32,0.8119393089982623
mpirun -np 8 -hostfile /home/debian/hostfile /home/debian/fractal_mpi -i 20000 -s 4 -cx -0.7454286 -cy 0.1130089 -z 327000 -t 0 -b 32 --color_mode 5 -w 64 -h 64 -b 32,0.8557240720001573
mpirun -np 8 -hostfile /home/debian/hostfile /home/debian/fractal_mpi -i 20000 -s 4 -cx -0.7454286 -cy 0.1130089 -z 327000 -t 0 -b 32 --color_mode 5 -w 64 -h 64 -b 32,0.8259111830011534
mpirun -np 8 -hostfile /home/debian/hostfile /home/debian/fractal_mpi -i 20000 -s 4 -cx -0.7454286 -cy 0.1130089 -z 327000 -t 0 -b 32 --color_mode 5 -w 64 -h 64 -b 32,0.7814518659979512
mpirun -np 16 -hostfile /home/debian/hostfile /home/debian/fractal_mpi -i 20000 -s 4 -cx -0.7454286 -cy 0.1130089 -z 327000 -t 0 -b 32 --color_mode 5 -w 64 -h 64 -b 32,0.7802649430013844
mpirun -np 16 -hostfile /home/debian/hostfile /home/debian/fractal_mpi -i 20000 -s 4 -cx -0.7454286 -cy 0.1130089 -z 327000 -t 0 -b 32 --color_mode 5 -w 64 -h 64 -b 32,0.7983981899997161
mpirun -np 16 -hostfile /home/debian/hostfile /home/debian/fractal_mpi -i 20000 -s 4 -cx -0.7454286 -cy 0.1130089 -z 327000 -t 0 -b 32 --color_mode 5 -w 64 -h 64 -b 32,0.8106143149998388
mpirun -np 16 -hostfile /home/debian/hostfile /home/debian/fractal_mpi -i 20000 -s 4 -cx -0.7454286 -cy 0.1130089 -z 327000 -t 0 -b 32 --color_mode 5 -w 64 -h 64 -b 32,0.8204710530008015
mpirun -np 16 -hostfile /home/debian/hostfile /home/debian/fractal_mpi -i 20000 -s 4 -cx -0.7454286 -cy 0.1130089 -z 327000 -t 0 -b 32 --color_mode 5 -w 64 -h 64 -b 32,0.8498993719986174
mpirun -np 16 -hostfile /home/debian/hostfile /home/debian/fractal_mpi -i 20000 -s 4 -cx -0.7454286 -cy 0.1130089 -z 327000 -t 0 -b 32 --color_mode 5 -w 64 -h 64 -b 32,0.8181219639991468
mpirun -np 16 -hostfile /home/debian/hostfile /home/debian/fractal_mpi -i 20000 -s 4 -cx -0.7454286 -cy 0.1130089 -z 327000 -t 0 -b 32 --color_mode 5 -w 64 -h 64 -b 32,0.8493121640021855
mpirun -np 16 -hostfile /home/debian/hostfile /home/debian/fractal_mpi -i 20000 -s 4 -cx -0.7454286 -cy 0.1130089 -z 327000 -t 0 -b 32 --color_mode 5 -w 64 -h 64 -b 32,0.7789986499992665
mpirun -np 16 -hostfile /home/debian/hostfile /home/debian/fractal_mpi -i 20000 -s 4 -cx -0.7454286 -cy 0.1130089 -z 327000 -t 0 -b 32 --color_mode 5 -w 64 -h 64 -b 32,0.7851065780014324
mpirun -np 16 -hostfile /home/debian/hostfile /home/debian/fractal_mpi -i 20000 -s 4 -cx -0.7454286 -cy 0.1130089 -z 327000 -t 0 -b 32 --color_mode 5 -w 64 -h 64 -b 32,0.8446211609989405
mpirun -np 32 -hostfile /home/debian/hostfile /home/debian/fractal_mpi -i 20000 -s 4 -cx -0.7454286 -cy 0.1130089 -z 327000 -t 0 -b 32 --color_mode 5 -w 64 -h 64 -b 32,0.8220573160033382
mpirun -np 32 -hostfile /home/debian/hostfile /home/debian/fractal_mpi -i 20000 -s 4 -cx -0.7454286 -cy 0.1130089 -z 327000 -t 0 -b 32 --color_mode 5 -w 64 -h 64 -b 32,0.8063572620012565
mpirun -np 32 -hostfile /home/debian/hostfile /home/debian/fractal_mpi -i 20000 -s 4 -cx -0.7454286 -cy 0.1130089 -z 327000 -t 0 -b 32 --color_mode 5 -w 64 -h 64 -b 32,0.8695614140015095
mpirun -np 32 -hostfile /home/debian/hostfile /home/debian/fractal_mpi -i 20000 -s 4 -cx -0.7454286 -cy 0.1130089 -z 327000 -t 0 -b 32 --color_mode 5 -w 64 -h 64 -b 32,0.8741341219974856
mpirun -np 32 -hostfile /home/debian/hostfile /home/debian/fractal_mpi -i 20000 -s 4 -cx -0.7454286 -cy 0.1130089 -z 327000 -t 0 -b 32 --color_mode 5 -w 64 -h 64 -b 32,0.8065468649983814
mpirun -np 32 -hostfile /home/debian/hostfile /home/debian/fractal_mpi -i 20000 -s 4 -cx -0.7454286 -cy 0.1130089 -z 327000 -t 0 -b 32 --color_mode 5 -w 64 -h 64 -b 32,0.8801837169994542
mpirun -np 32 -hostfile /home/debian/hostfile /home/debian/fractal_mpi -i 20000 -s 4 -cx -0.7454286 -cy 0.1130089 -z 327000 -t 0 -b 32 --color_mode 5 -w 64 -h 64 -b 32,0.8259342110031866
mpirun -np 32 -hostfile /home/debian/hostfile /home/debian/fractal_mpi -i 20000 -s 4 -cx -0.7454286 -cy 0.1130089 -z 327000 -t 0 -b 32 --color_mode 5 -w 64 -h 64 -b 32,0.8283865580015117
mpirun -np 32 -hostfile /home/debian/hostfile /home/debian/fractal_mpi -i 20000 -s 4 -cx -0.7454286 -cy 0.1130089 -z 327000 -t 0 -b 32 --color_mode 5 -w 64 -h 64 -b 32,0.8048444089981786
mpirun -np 32 -hostfile /home/debian/hostfile /home/debian/fractal_mpi -i 20000 -s 4 -cx -0.7454286 -cy 0.1130089 -z 327000 -t 0 -b 32 --color_mode 5 -w 64 -h 64 -b 32,0.8593974089999392
mpirun -np 2 -hostfile /home/debian/hostfile /home/debian/fractal_mpi -i 20000 -s 4 -cx -0.7454286 -cy 0.1130089 -z 327000 -t 0 -b 32 --color_mode 5 -w 128 -h 128 -b 32,1.8726944170011848
mpirun -np 2 -hostfile /home/debian/hostfile /home/debian/fractal_mpi -i 20000 -s 4 -cx -0.7454286 -cy 0.1130089 -z 327000 -t 0 -b 32 --color_mode 5 -w 128 -h 128 -b 32,1.9101213270005246
mpirun -np 2 -hostfile /home/debian/hostfile /home/debian/fractal_mpi -i 20000 -s 4 -cx -0.7454286 -cy 0.1130089 -z 327000 -t 0 -b 32 --color_mode 5 -w 128 -h 128 -b 32,1.901794408000569
mpirun -np 2 -hostfile /home/debian/hostfile /home/debian/fractal_mpi -i 20000 -s 4 -cx -0.7454286 -cy 0.1130089 -z 327000 -t 0 -b 32 --color_mode 5 -w 128 -h 128 -b 32,1.8784520340013842
mpirun -np 2 -hostfile /home/debian/hostfile /home/debian/fractal_mpi -i 20000 -s 4 -cx -0.7454286 -cy 0.1130089 -z 327000 -t 0 -b 32 --color_mode 5 -w 128 -h 128 -b 32,1.8772351909974532
mpirun -np 2 -hostfile /home/debian/hostfile /home/debian/fractal_mpi -i 20000 -s 4 -cx -0.7454286 -cy 0.1130089 -z 327000 -t 0 -b 32 --color_mode 5 -w 128 -h 128 -b 32,1.9129260709996743
mpirun -np 2 -hostfile /home/debian/hostfile /home/debian/fractal_mpi -i 20000 -s 4 -cx -0.7454286 -cy 0.1130089 -z 327000 -t 0 -b 32 --color_mode 5 -w 128 -h 128 -b 32,1.9222394150019682
mpirun -np 2 -hostfile /home/debian/hostfile /home/debian/fractal_mpi -i 20000 -s 4 -cx -0.7454286 -cy 0.1130089 -z 327000 -t 0 -b 32 --color_mode 5 -w 128 -h 128 -b 32,1.905811452998023
mpirun -np 2 -hostfile /home/debian/hostfile /home/debian/fractal_mpi -i 20000 -s 4 -cx -0.7454286 -cy 0.1130089 -z 327000 -t 0 -b 32 --color_mode 5 -w 128 -h 128 -b 32,1.935051578002458
mpirun -np 2 -hostfile /home/debian/hostfile /home/debian/fractal_mpi -i 20000 -s 4 -cx -0.7454286 -cy 0.1130089 -z 327000 -t 0 -b 32 --color_mode 5 -w 128 -h 128 -b 32,1.8711987280003086
mpirun -np 4 -hostfile /home/debian/hostfile /home/debian/fractal_mpi -i 20000 -s 4 -cx -0.7454286 -cy 0.1130089 -z 327000 -t 0 -b 32 --color_mode 5 -w 128 -h 128 -b 32,1.085945005001122
mpirun -np 4 -hostfile /home/debian/hostfile /home/debian/fractal_mpi -i 20000 -s 4 -cx -0.7454286 -cy 0.1130089 -z 327000 -t 0 -b 32 --color_mode 5 -w 128 -h 128 -b 32,1.0963332309984253
mpirun -np 4 -hostfile /home/debian/hostfile /home/debian/fractal_mpi -i 20000 -s 4 -cx -0.7454286 -cy 0.1130089 -z 327000 -t 0 -b 32 --color_mode 5 -w 128 -h 128 -b 32,1.0557724559985218
mpirun -np 4 -hostfile /home/debian/hostfile /home/debian/fractal_mpi -i 20000 -s 4 -cx -0.7454286 -cy 0.1130089 -z 327000 -t 0 -b 32 --color_mode 5 -w 128 -h 128 -b 32,1.0352892670016445
mpirun -np 4 -hostfile /home/debian/hostfile /home/debian/fractal_mpi -i 20000 -s 4 -cx -0.7454286 -cy 0.1130089 -z 327000 -t 0 -b 32 --color_mode 5 -w 128 -h 128 -b 32,1.064077109000209
mpirun -np 4 -hostfile /home/debian/hostfile /home/debian/fractal_mpi -i 20000 -s 4 -cx -0.7454286 -cy 0.1130089 -z 327000 -t 0 -b 32 --color_mode 5 -w 128 -h 128 -b 32,1.0937005359992327
mpirun -np 4 -hostfile /home/debian/hostfile /home/debian/fractal_mpi -i 20000 -s 4 -cx -0.7454286 -cy 0.1130089 -z 327000 -t 0 -b 32 --color_mode 5 -w 128 -h 128 -b 32,1.1265725280027254
mpirun -np 4 -hostfile /home/debian/hostfile /home/debian/fractal_mpi -i 20000 -s 4 -cx -0.7454286 -cy 0.1130089 -z 327000 -t 0 -b 32 --color_mode 5 -w 128 -h 128 -b 32,1.0881394429998181
mpirun -np 4 -hostfile /home/debian/hostfile /home/debian/fractal_mpi -i 20000 -s 4 -cx -0.7454286 -cy 0.1130089 -z 327000 -t 0 -b 32 --color_mode 5 -w 128 -h 128 -b 32,1.0993926129995089
mpirun -np 4 -hostfile /home/debian/hostfile /home/debian/fractal_mpi -i 20000 -s 4 -cx -0.7454286 -cy 0.1130089 -z 327000 -t 0 -b 32 --color_mode 5 -w 128 -h 128 -b 32,1.1132644539975445
mpirun -np 8 -hostfile /home/debian/hostfile /home/debian/fractal_mpi -i 20000 -s 4 -cx -0.7454286 -cy 0.1130089 -z 327000 -t 0 -b 32 --color_mode 5 -w 128 -h 128 -b 32,1.0129410949994053
mpirun -np 8 -hostfile /home/debian/hostfile /home/debian/fractal_mpi -i 20000 -s 4 -cx -0.7454286 -cy 0.1130089 -z 327000 -t 0 -b 32 --color_mode 5 -w 128 -h 128 -b 32,1.0031967270006135
mpirun -np 8 -hostfile /home/debian/hostfile /home/debian/fractal_mpi -i 20000 -s 4 -cx -0.7454286 -cy 0.1130089 -z 327000 -t 0 -b 32 --color_mode 5 -w 128 -h 128 -b 32,1.0555772989973775
mpirun -np 8 -hostfile /home/debian/hostfile /home/debian/fractal_mpi -i 20000 -s 4 -cx -0.7454286 -cy 0.1130089 -z 327000 -t 0 -b 32 --color_mode 5 -w 128 -h 128 -b 32,0.9964945270003227
mpirun -np 8 -hostfile /home/debian/hostfile /home/debian/fractal_mpi -i 20000 -s 4 -cx -0.7454286 -cy 0.1130089 -z 327000 -t 0 -b 32 --color_mode 5 -w 128 -h 128 -b 32,1.0642803010014177
mpirun -np 8 -hostfile /home/debian/hostfile /home/debian/fractal_mpi -i 20000 -s 4 -cx -0.7454286 -cy 0.1130089 -z 327000 -t 0 -b 32 --color_mode 5 -w 128 -h 128 -b 32,1.0008535280030628
mpirun -np 8 -hostfile /home/debian/hostfile /home/debian/fractal_mpi -i 20000 -s 4 -cx -0.7454286 -cy 0.1130089 -z 327000 -t 0 -b 32 --color_mode 5 -w 128 -h 128 -b 32,1.0485709579988907
mpirun -np 8 -hostfile /home/debian/hostfile /home/debian/fractal_mpi -i 20000 -s 4 -cx -0.7454286 -cy 0.1130089 -z 327000 -t 0 -b 32 --color_mode 5 -w 128 -h 128 -b 32,1.0019136239970976
mpirun -np 8 -hostfile /home/debian/hostfile /home/debian/fractal_mpi -i 20000 -s 4 -cx -0.7454286 -cy 0.1130089 -z 327000 -t 0 -b 32 --color_mode 5 -w 128 -h 128 -b 32,1.0281122419983149
mpirun -np 8 -hostfile /home/debian/hostfile /home/debian/fractal_mpi -i 20000 -s 4 -cx -0.7454286 -cy 0.1130089 -z 327000 -t 0 -b 32 --color_mode 5 -w 128 -h 128 -b 32,0.9912299110001186
mpirun -np 16 -hostfile /home/debian/hostfile /home/debian/fractal_mpi -i 20000 -s 4 -cx -0.7454286 -cy 0.1130089 -z 327000 -t 0 -b 32 --color_mode 5 -w 128 -h 128 -b 32,0.974740503999783
mpirun -np 16 -hostfile /home/debian/hostfile /home/debian/fractal_mpi -i 20000 -s 4 -cx -0.7454286 -cy 0.1130089 -z 327000 -t 0 -b 32 --color_mode 5 -w 128 -h 128 -b 32,1.0315613989987469
mpirun -np 16 -hostfile /home/debian/hostfile /home/debian/fractal_mpi -i 20000 -s 4 -cx -0.7454286 -cy 0.1130089 -z 327000 -t 0 -b 32 --color_mode 5 -w 128 -h 128 -b 32,1.0244765560019005
mpirun -np 16 -hostfile /home/debian/hostfile /home/debian/fractal_mpi -i 20000 -s 4 -cx -0.7454286 -cy 0.1130089 -z 327000 -t 0 -b 32 --color_mode 5 -w 128 -h 128 -b 32,1.0111601069984317
mpirun -np 16 -hostfile /home/debian/hostfile /home/debian/fractal_mpi -i 20000 -s 4 -cx -0.7454286 -cy 0.1130089 -z 327000 -t 0 -b 32 --color_mode 5 -w 128 -h 128 -b 32,1.0300654100028623
mpirun -np 16 -hostfile /home/debian/hostfile /home/debian/fractal_mpi -i 20000 -s 4 -cx -0.7454286 -cy 0.1130089 -z 327000 -t 0 -b 32 --color_mode 5 -w 128 -h 128 -b 32,1.018059023997921
mpirun -np 16 -hostfile /home/debian/hostfile /home/debian/fractal_mpi -i 20000 -s 4 -cx -0.7454286 -cy 0.1130089 -z 327000 -t 0 -b 32 --color_mode 5 -w 128 -h 128 -b 32,1.032243768000626
mpirun -np 16 -hostfile /home/debian/hostfile /home/debian/fractal_mpi -i 20000 -s 4 -cx -0.7454286 -cy 0.1130089 -z 327000 -t 0 -b 32 --color_mode 5 -w 128 -h 128 -b 32,0.9928067939981702
mpirun -np 16 -hostfile /home/debian/hostfile /home/debian/fractal_mpi -i 20000 -s 4 -cx -0.7454286 -cy 0.1130089 -z 327000 -t 0 -b 32 --color_mode 5 -w 128 -h 128 -b 32,1.0425427090012818
mpirun -np 16 -hostfile /home/debian/hostfile /home/debian/fractal_mpi -i 20000 -s 4 -cx -0.7454286 -cy 0.1130089 -z 327000 -t 0 -b 32 --color_mode 5 -w 128 -h 128 -b 32,0.9880545279993385
mpirun -np 32 -hostfile /home/debian/hostfile /home/debian/fractal_mpi -i 20000 -s 4 -cx -0.7454286 -cy 0.1130089 -z 327000 -t 0 -b 32 --color_mode 5 -w 128 -h 128 -b 32,1.000101136000012
mpirun -np 32 -hostfile /home/debian/hostfile /home/debian/fractal_mpi -i 20000 -s 4 -cx -0.7454286 -cy 0.1130089 -z 327000 -t 0 -b 32 --color_mode 5 -w 128 -h 128 -b 32,0.9969611779997649
mpirun -np 32 -hostfile /home/debian/hostfile /home/debian/fractal_mpi -i 20000 -s 4 -cx -0.7454286 -cy 0.1130089 -z 327000 -t 0 -b 32 --color_mode 5 -w 128 -h 128 -b 32,1.0069938529995852
mpirun -np 32 -hostfile /home/debian/hostfile /home/debian/fractal_mpi -i 20000 -s 4 -cx -0.7454286 -cy 0.1130089 -z 327000 -t 0 -b 32 --color_mode 5 -w 128 -h 128 -b 32,0.987972721002734
mpirun -np 32 -hostfile /home/debian/hostfile /home/debian/fractal_mpi -i 20000 -s 4 -cx -0.7454286 -cy 0.1130089 -z 327000 -t 0 -b 32 --color_mode 5 -w 128 -h 128 -b 32,1.011010140999133
mpirun -np 32 -hostfile /home/debian/hostfile /home/debian/fractal_mpi -i 20000 -s 4 -cx -0.7454286 -cy 0.1130089 -z 327000 -t 0 -b 32 --color_mode 5 -w 128 -h 128 -b 32,1.0024114749976434
mpirun -np 32 -hostfile /home/debian/hostfile /home/debian/fractal_mpi -i 20000 -s 4 -cx -0.7454286 -cy 0.1130089 -z 327000 -t 0 -b 32 --color_mode 5 -w 128 -h 128 -b 32,1.0572690279987
mpirun -np 32 -hostfile /home/debian/hostfile /home/debian/fractal_mpi -i 20000 -s 4 -cx -0.7454286 -cy 0.1130089 -z 327000 -t 0 -b 32 --color_mode 5 -w 128 -h 128 -b 32,1.012954001998878
mpirun -np 32 -hostfile /home/debian/hostfile /home/debian/fractal_mpi -i 20000 -s 4 -cx -0.7454286 -cy 0.1130089 -z 327000 -t 0 -b 32 --color_mode 5 -w 128 -h 128 -b 32,0.9990247729983821
mpirun -np 32 -hostfile /home/debian/hostfile /home/debian/fractal_mpi -i 20000 -s 4 -cx -0.7454286 -cy 0.1130089 -z 327000 -t 0 -b 32 --color_mode 5 -w 128 -h 128 -b 32,0.994385992999014
mpirun -np 2 -hostfile /home/debian/hostfile /home/debian/fractal_mpi -i 20000 -s 4 -cx -0.7454286 -cy 0.1130089 -z 327000 -t 0 -b 32 --color_mode 5 -w 512 -h 512 -b 32,20.82839456599686
mpirun -np 2 -hostfile /home/debian/hostfile /home/debian/fractal_mpi -i 20000 -s 4 -cx -0.7454286 -cy 0.1130089 -z 327000 -t 0 -b 32 --color_mode 5 -w 512 -h 512 -b 32,20.82831554400036
mpirun -np 2 -hostfile /home/debian/hostfile /home/debian/fractal_mpi -i 20000 -s 4 -cx -0.7454286 -cy 0.1130089 -z 327000 -t 0 -b 32 --color_mode 5 -w 512 -h 512 -b 32,20.83311379299994
mpirun -np 2 -hostfile /home/debian/hostfile /home/debian/fractal_mpi -i 20000 -s 4 -cx -0.7454286 -cy 0.1130089 -z 327000 -t 0 -b 32 --color_mode 5 -w 512 -h 512 -b 32,20.867989636997663
mpirun -np 2 -hostfile /home/debian/hostfile /home/debian/fractal_mpi -i 20000 -s 4 -cx -0.7454286 -cy 0.1130089 -z 327000 -t 0 -b 32 --color_mode 5 -w 512 -h 512 -b 32,20.855106939998223
mpirun -np 2 -hostfile /home/debian/hostfile /home/debian/fractal_mpi -i 20000 -s 4 -cx -0.7454286 -cy 0.1130089 -z 327000 -t 0 -b 32 --color_mode 5 -w 512 -h 512 -b 32,20.810696807002387
mpirun -np 2 -hostfile /home/debian/hostfile /home/debian/fractal_mpi -i 20000 -s 4 -cx -0.7454286 -cy 0.1130089 -z 327000 -t 0 -b 32 --color_mode 5 -w 512 -h 512 -b 32,20.83133655200072
mpirun -np 2 -hostfile /home/debian/hostfile /home/debian/fractal_mpi -i 20000 -s 4 -cx -0.7454286 -cy 0.1130089 -z 327000 -t 0 -b 32 --color_mode 5 -w 512 -h 512 -b 32,20.848219307001273
mpirun -np 2 -hostfile /home/debian/hostfile /home/debian/fractal_mpi -i 20000 -s 4 -cx -0.7454286 -cy 0.1130089 -z 327000 -t 0 -b 32 --color_mode 5 -w 512 -h 512 -b 32,20.79247917199973
mpirun -np 2 -hostfile /home/debian/hostfile /home/debian/fractal_mpi -i 20000 -s 4 -cx -0.7454286 -cy 0.1130089 -z 327000 -t 0 -b 32 --color_mode 5 -w 512 -h 512 -b 32,20.813588034998247
mpirun -np 4 -hostfile /home/debian/hostfile /home/debian/fractal_mpi -i 20000 -s 4 -cx -0.7454286 -cy 0.1130089 -z 327000 -t 0 -b 32 --color_mode 5 -w 512 -h 512 -b 32,7.349897846001113
mpirun -np 4 -hostfile /home/debian/hostfile /home/debian/fractal_mpi -i 20000 -s 4 -cx -0.7454286 -cy 0.1130089 -z 327000 -t 0 -b 32 --color_mode 5 -w 512 -h 512 -b 32,7.366400386999885
mpirun -np 4 -hostfile /home/debian/hostfile /home/debian/fractal_mpi -i 20000 -s 4 -cx -0.7454286 -cy 0.1130089 -z 327000 -t 0 -b 32 --color_mode 5 -w 512 -h 512 -b 32,7.373207961001754
mpirun -np 4 -hostfile /home/debian/hostfile /home/debian/fractal_mpi -i 20000 -s 4 -cx -0.7454286 -cy 0.1130089 -z 327000 -t 0 -b 32 --color_mode 5 -w 512 -h 512 -b 32,7.399268590997963
mpirun -np 4 -hostfile /home/debian/hostfile /home/debian/fractal_mpi -i 20000 -s 4 -cx -0.7454286 -cy 0.1130089 -z 327000 -t 0 -b 32 --color_mode 5 -w 512 -h 512 -b 32,7.41039504299988
mpirun -np 4 -hostfile /home/debian/hostfile /home/debian/fractal_mpi -i 20000 -s 4 -cx -0.7454286 -cy 0.1130089 -z 327000 -t 0 -b 32 --color_mode 5 -w 512 -h 512 -b 32,7.428102649999346
mpirun -np 4 -hostfile /home/debian/hostfile /home/debian/fractal_mpi -i 20000 -s 4 -cx -0.7454286 -cy 0.1130089 -z 327000 -t 0 -b 32 --color_mode 5 -w 512 -h 512 -b 32,7.385386850997747
mpirun -np 4 -hostfile /home/debian/hostfile /home/debian/fractal_mpi -i 20000 -s 4 -cx -0.7454286 -cy 0.1130089 -z 327000 -t 0 -b 32 --color_mode 5 -w 512 -h 512 -b 32,7.369343564998417
mpirun -np 4 -hostfile /home/debian/hostfile /home/debian/fractal_mpi -i 20000 -s 4 -cx -0.7454286 -cy 0.1130089 -z 327000 -t 0 -b 32 --color_mode 5 -w 512 -h 512 -b 32,7.347848571000213
mpirun -np 4 -hostfile /home/debian/hostfile /home/debian/fractal_mpi -i 20000 -s 4 -cx -0.7454286 -cy 0.1130089 -z 327000 -t 0 -b 32 --color_mode 5 -w 512 -h 512 -b 32,7.379066995003086
mpirun -np 8 -hostfile /home/debian/hostfile /home/debian/fractal_mpi -i 20000 -s 4 -cx -0.7454286 -cy 0.1130089 -z 327000 -t 0 -b 32 --color_mode 5 -w 512 -h 512 -b 32,3.6437512160009646
mpirun -np 8 -hostfile /home/debian/hostfile /home/debian/fractal_mpi -i 20000 -s 4 -cx -0.7454286 -cy 0.1130089 -z 327000 -t 0 -b 32 --color_mode 5 -w 512 -h 512 -b 32,3.5954106280005362
mpirun -np 8 -hostfile /home/debian/hostfile /home/debian/fractal_mpi -i 20000 -s 4 -cx -0.7454286 -cy 0.1130089 -z 327000 -t 0 -b 32 --color_mode 5 -w 512 -h 512 -b 32,3.5814388010003313
mpirun -np 8 -hostfile /home/debian/hostfile /home/debian/fractal_mpi -i 20000 -s 4 -cx -0.7454286 -cy 0.1130089 -z 327000 -t 0 -b 32 --color_mode 5 -w 512 -h 512 -b 32,3.582277673001954
mpirun -np 8 -hostfile /home/debian/hostfile /home/debian/fractal_mpi -i 20000 -s 4 -cx -0.7454286 -cy 0.1130089 -z 327000 -t 0 -b 32 --color_mode 5 -w 512 -h 512 -b 32,3.6056290859996807
mpirun -np 8 -hostfile /home/debian/hostfile /home/debian/fractal_mpi -i 20000 -s 4 -cx -0.7454286 -cy 0.1130089 -z 327000 -t 0 -b 32 --color_mode 5 -w 512 -h 512 -b 32,3.6110121280034946
mpirun -np 8 -hostfile /home/debian/hostfile /home/debian/fractal_mpi -i 20000 -s 4 -cx -0.7454286 -cy 0.1130089 -z 327000 -t 0 -b 32 --color_mode 5 -w 512 -h 512 -b 32,3.5927023429976543
mpirun -np 8 -hostfile /home/debian/hostfile /home/debian/fractal_mpi -i 20000 -s 4 -cx -0.7454286 -cy 0.1130089 -z 327000 -t 0 -b 32 --color_mode 5 -w 512 -h 512 -b 32,3.625545881001017
mpirun -np 8 -hostfile /home/debian/hostfile /home/debian/fractal_mpi -i 20000 -s 4 -cx -0.7454286 -cy 0.1130089 -z 327000 -t 0 -b 32 --color_mode 5 -w 512 -h 512 -b 32,3.6476995410012023
mpirun -np 8 -hostfile /home/debian/hostfile /home/debian/fractal_mpi -i 20000 -s 4 -cx -0.7454286 -cy 0.1130089 -z 327000 -t 0 -b 32 --color_mode 5 -w 512 -h 512 -b 32,3.6288480250004795
mpirun -np 16 -hostfile /home/debian/hostfile /home/debian/fractal_mpi -i 20000 -s 4 -cx -0.7454286 -cy 0.1130089 -z 327000 -t 0 -b 32 --color_mode 5 -w 512 -h 512 -b 32,2.108237894000922
mpirun -np 16 -hostfile /home/debian/hostfile /home/debian/fractal_mpi -i 20000 -s 4 -cx -0.7454286 -cy 0.1130089 -z 327000 -t 0 -b 32 --color_mode 5 -w 512 -h 512 -b 32,2.1300961159977305
mpirun -np 16 -hostfile /home/debian/hostfile /home/debian/fractal_mpi -i 20000 -s 4 -cx -0.7454286 -cy 0.1130089 -z 327000 -t 0 -b 32 --color_mode 5 -w 512 -h 512 -b 32,2.084240635998867
mpirun -np 16 -hostfile /home/debian/hostfile /home/debian/fractal_mpi -i 20000 -s 4 -cx -0.7454286 -cy 0.1130089 -z 327000 -t 0 -b 32 --color_mode 5 -w 512 -h 512 -b 32,2.1416274330003944
mpirun -np 16 -hostfile /home/debian/hostfile /home/debian/fractal_mpi -i 20000 -s 4 -cx -0.7454286 -cy 0.1130089 -z 327000 -t 0 -b 32 --color_mode 5 -w 512 -h 512 -b 32,2.197076720000041
mpirun -np 16 -hostfile /home/debian/hostfile /home/debian/fractal_mpi -i 20000 -s 4 -cx -0.7454286 -cy 0.1130089 -z 327000 -t 0 -b 32 --color_mode 5 -w 512 -h 512 -b 32,2.103285743000015
mpirun -np 16 -hostfile /home/debian/hostfile /home/debian/fractal_mpi -i 20000 -s 4 -cx -0.7454286 -cy 0.1130089 -z 327000 -t 0 -b 32 --color_mode 5 -w 512 -h 512 -b 32,2.1467163670022273
mpirun -np 16 -hostfile /home/debian/hostfile /home/debian/fractal_mpi -i 20000 -s 4 -cx -0.7454286 -cy 0.1130089 -z 327000 -t 0 -b 32 --color_mode 5 -w 512 -h 512 -b 32,2.097677482997824
mpirun -np 16 -hostfile /home/debian/hostfile /home/debian/fractal_mpi -i 20000 -s 4 -cx -0.7454286 -cy 0.1130089 -z 327000 -t 0 -b 32 --color_mode 5 -w 512 -h 512 -b 32,2.151258621001034
mpirun -np 16 -hostfile /home/debian/hostfile /home/debian/fractal_mpi -i 20000 -s 4 -cx -0.7454286 -cy 0.1130089 -z 327000 -t 0 -b 32 --color_mode 5 -w 512 -h 512 -b 32,2.1018953259990667
mpirun -np 32 -hostfile /home/debian/hostfile /home/debian/fractal_mpi -i 20000 -s 4 -cx -0.7454286 -cy 0.1130089 -z 327000 -t 0 -b 32 --color_mode 5 -w 512 -h 512 -b 32,1.5863122999980988
mpirun -np 32 -hostfile /home/debian/hostfile /home/debian/fractal_mpi -i 20000 -s 4 -cx -0.7454286 -cy 0.1130089 -z 327000 -t 0 -b 32 --color_mode 5 -w 512 -h 512 -b 32,1.6674076029994467
mpirun -np 32 -hostfile /home/debian/hostfile /home/debian/fractal_mpi -i 20000 -s 4 -cx -0.7454286 -cy 0.1130089 -z 327000 -t 0 -b 32 --color_mode 5 -w 512 -h 512 -b 32,1.5875198729991098
mpirun -np 32 -hostfile /home/debian/hostfile /home/debian/fractal_mpi -i 20000 -s 4 -cx -0.7454286 -cy 0.1130089 -z 327000 -t 0 -b 32 --color_mode 5 -w 512 -h 512 -b 32,1.5981637760014564
mpirun -np 32 -hostfile /home/debian/hostfile /home/debian/fractal_mpi -i 20000 -s 4 -cx -0.7454286 -cy 0.1130089 -z 327000 -t 0 -b 32 --color_mode 5 -w 512 -h 512 -b 32,1.69539856800111
mpirun -np 32 -hostfile /home/debian/hostfile /home/debian/fractal_mpi -i 20000 -s 4 -cx -0.7454286 -cy 0.1130089 -z 327000 -t 0 -b 32 --color_mode 5 -w 512 -h 512 -b 32,1.6068677229995956
mpirun -np 32 -hostfile /home/debian/hostfile /home/debian/fractal_mpi -i 20000 -s 4 -cx -0.7454286 -cy 0.1130089 -z 327000 -t 0 -b 32 --color_mode 5 -w 512 -h 512 -b 32,1.6711086010000145
mpirun -np 32 -hostfile /home/debian/hostfile /home/debian/fractal_mpi -i 20000 -s 4 -cx -0.7454286 -cy 0.1130089 -z 327000 -t 0 -b 32 --color_mode 5 -w 512 -h 512 -b 32,1.6203346050024265
mpirun -np 32 -hostfile /home/debian/hostfile /home/debian/fractal_mpi -i 20000 -s 4 -cx -0.7454286 -cy 0.1130089 -z 327000 -t 0 -b 32 --color_mode 5 -w 512 -h 512 -b 32,1.6476376520004123
mpirun -np 32 -hostfile /home/debian/hostfile /home/debian/fractal_mpi -i 20000 -s 4 -cx -0.7454286 -cy 0.1130089 -z 327000 -t 0 -b 32 --color_mode 5 -w 512 -h 512 -b 32,1.6393188459987869
mpirun -np 2 -hostfile /home/debian/hostfile /home/debian/fractal_mpi -i 20000 -s 4 -cx -0.7454286 -cy 0.1130089 -z 327000 -t 0 -b 32 --color_mode 5 -w 1080 -h 1080 -b 32,90.44667997700162
mpirun -np 2 -hostfile /home/debian/hostfile /home/debian/fractal_mpi -i 20000 -s 4 -cx -0.7454286 -cy 0.1130089 -z 327000 -t 0 -b 32 --color_mode 5 -w 1080 -h 1080 -b 32,90.52349708099791
mpirun -np 2 -hostfile /home/debian/hostfile /home/debian/fractal_mpi -i 20000 -s 4 -cx -0.7454286 -cy 0.1130089 -z 327000 -t 0 -b 32 --color_mode 5 -w 1080 -h 1080 -b 32,90.44716545800111
mpirun -np 2 -hostfile /home/debian/hostfile /home/debian/fractal_mpi -i 20000 -s 4 -cx -0.7454286 -cy 0.1130089 -z 327000 -t 0 -b 32 --color_mode 5 -w 1080 -h 1080 -b 32,90.4159399980017
mpirun -np 2 -hostfile /home/debian/hostfile /home/debian/fractal_mpi -i 20000 -s 4 -cx -0.7454286 -cy 0.1130089 -z 327000 -t 0 -b 32 --color_mode 5 -w 1080 -h 1080 -b 32,90.42949703200065
mpirun -np 2 -hostfile /home/debian/hostfile /home/debian/fractal_mpi -i 20000 -s 4 -cx -0.7454286 -cy 0.1130089 -z 327000 -t 0 -b 32 --color_mode 5 -w 1080 -h 1080 -b 32,90.42963747799877
mpirun -np 2 -hostfile /home/debian/hostfile /home/debian/fractal_mpi -i 20000 -s 4 -cx -0.7454286 -cy 0.1130089 -z 327000 -t 0 -b 32 --color_mode 5 -w 1080 -h 1080 -b 32,90.41677193299984
mpirun -np 2 -hostfile /home/debian/hostfile /home/debian/fractal_mpi -i 20000 -s 4 -cx -0.7454286 -cy 0.1130089 -z 327000 -t 0 -b 32 --color_mode 5 -w 1080 -h 1080 -b 32,90.40597210600026
mpirun -np 2 -hostfile /home/debian/hostfile /home/debian/fractal_mpi -i 20000 -s 4 -cx -0.7454286 -cy 0.1130089 -z 327000 -t 0 -b 32 --color_mode 5 -w 1080 -h 1080 -b 32,90.3447706170009
mpirun -np 2 -hostfile /home/debian/hostfile /home/debian/fractal_mpi -i 20000 -s 4 -cx -0.7454286 -cy 0.1130089 -z 327000 -t 0 -b 32 --color_mode 5 -w 1080 -h 1080 -b 32,90.44167663199914
mpirun -np 4 -hostfile /home/debian/hostfile /home/debian/fractal_mpi -i 20000 -s 4 -cx -0.7454286 -cy 0.1130089 -z 327000 -t 0 -b 32 --color_mode 5 -w 1080 -h 1080 -b 32,30.606301012001495
mpirun -np 4 -hostfile /home/debian/hostfile /home/debian/fractal_mpi -i 20000 -s 4 -cx -0.7454286 -cy 0.1130089 -z 327000 -t 0 -b 32 --color_mode 5 -w 1080 -h 1080 -b 32,30.64828966800269
mpirun -np 4 -hostfile /home/debian/hostfile /home/debian/fractal_mpi -i 20000 -s 4 -cx -0.7454286 -cy 0.1130089 -z 327000 -t 0 -b 32 --color_mode 5 -w 1080 -h 1080 -b 32,30.657610821999697
mpirun -np 4 -hostfile /home/debian/hostfile /home/debian/fractal_mpi -i 20000 -s 4 -cx -0.7454286 -cy 0.1130089 -z 327000 -t 0 -b 32 --color_mode 5 -w 1080 -h 1080 -b 32,30.596298817999923
mpirun -np 4 -hostfile /home/debian/hostfile /home/debian/fractal_mpi -i 20000 -s 4 -cx -0.7454286 -cy 0.1130089 -z 327000 -t 0 -b 32 --color_mode 5 -w 1080 -h 1080 -b 32,30.63081496599989
mpirun -np 4 -hostfile /home/debian/hostfile /home/debian/fractal_mpi -i 20000 -s 4 -cx -0.7454286 -cy 0.1130089 -z 327000 -t 0 -b 32 --color_mode 5 -w 1080 -h 1080 -b 32,30.613200946998404
mpirun -np 4 -hostfile /home/debian/hostfile /home/debian/fractal_mpi -i 20000 -s 4 -cx -0.7454286 -cy 0.1130089 -z 327000 -t 0 -b 32 --color_mode 5 -w 1080 -h 1080 -b 32,30.644675716001075
mpirun -np 4 -hostfile /home/debian/hostfile /home/debian/fractal_mpi -i 20000 -s 4 -cx -0.7454286 -cy 0.1130089 -z 327000 -t 0 -b 32 --color_mode 5 -w 1080 -h 1080 -b 32,30.644623315998615
mpirun -np 4 -hostfile /home/debian/hostfile /home/debian/fractal_mpi -i 20000 -s 4 -cx -0.7454286 -cy 0.1130089 -z 327000 -t 0 -b 32 --color_mode 5 -w 1080 -h 1080 -b 32,30.65803817900087
mpirun -np 4 -hostfile /home/debian/hostfile /home/debian/fractal_mpi -i 20000 -s 4 -cx -0.7454286 -cy 0.1130089 -z 327000 -t 0 -b 32 --color_mode 5 -w 1080 -h 1080 -b 32,30.653721773000143
mpirun -np 8 -hostfile /home/debian/hostfile /home/debian/fractal_mpi -i 20000 -s 4 -cx -0.7454286 -cy 0.1130089 -z 327000 -t 0 -b 32 --color_mode 5 -w 1080 -h 1080 -b 32,13.580117068002437
mpirun -np 8 -hostfile /home/debian/hostfile /home/debian/fractal_mpi -i 20000 -s 4 -cx -0.7454286 -cy 0.1130089 -z 327000 -t 0 -b 32 --color_mode 5 -w 1080 -h 1080 -b 32,13.574048998998478
mpirun -np 8 -hostfile /home/debian/hostfile /home/debian/fractal_mpi -i 20000 -s 4 -cx -0.7454286 -cy 0.1130089 -z 327000 -t 0 -b 32 --color_mode 5 -w 1080 -h 1080 -b 32,13.611873568999727
mpirun -np 8 -hostfile /home/debian/hostfile /home/debian/fractal_mpi -i 20000 -s 4 -cx -0.7454286 -cy 0.1130089 -z 327000 -t 0 -b 32 --color_mode 5 -w 1080 -h 1080 -b 32,13.585921453999617
mpirun -np 8 -hostfile /home/debian/hostfile /home/debian/fractal_mpi -i 20000 -s 4 -cx -0.7454286 -cy 0.1130089 -z 327000 -t 0 -b 32 --color_mode 5 -w 1080 -h 1080 -b 32,13.606945687999541
mpirun -np 8 -hostfile /home/debian/hostfile /home/debian/fractal_mpi -i 20000 -s 4 -cx -0.7454286 -cy 0.1130089 -z 327000 -t 0 -b 32 --color_mode 5 -w 1080 -h 1080 -b 32,13.586649146000127
mpirun -np 8 -hostfile /home/debian/hostfile /home/debian/fractal_mpi -i 20000 -s 4 -cx -0.7454286 -cy 0.1130089 -z 327000 -t 0 -b 32 --color_mode 5 -w 1080 -h 1080 -b 32,13.61047784100083
mpirun -np 8 -hostfile /home/debian/hostfile /home/debian/fractal_mpi -i 20000 -s 4 -cx -0.7454286 -cy 0.1130089 -z 327000 -t 0 -b 32 --color_mode 5 -w 1080 -h 1080 -b 32,13.572371105998172
mpirun -np 8 -hostfile /home/debian/hostfile /home/debian/fractal_mpi -i 20000 -s 4 -cx -0.7454286 -cy 0.1130089 -z 327000 -t 0 -b 32 --color_mode 5 -w 1080 -h 1080 -b 32,13.590181435996783
mpirun -np 8 -hostfile /home/debian/hostfile /home/debian/fractal_mpi -i 20000 -s 4 -cx -0.7454286 -cy 0.1130089 -z 327000 -t 0 -b 32 --color_mode 5 -w 1080 -h 1080 -b 32,13.590878868999425
mpirun -np 16 -hostfile /home/debian/hostfile /home/debian/fractal_mpi -i 20000 -s 4 -cx -0.7454286 -cy 0.1130089 -z 327000 -t 0 -b 32 --color_mode 5 -w 1080 -h 1080 -b 32,6.796481463999953
mpirun -np 16 -hostfile /home/debian/hostfile /home/debian/fractal_mpi -i 20000 -s 4 -cx -0.7454286 -cy 0.1130089 -z 327000 -t 0 -b 32 --color_mode 5 -w 1080 -h 1080 -b 32,6.812380457002291
mpirun -np 16 -hostfile /home/debian/hostfile /home/debian/fractal_mpi -i 20000 -s 4 -cx -0.7454286 -cy 0.1130089 -z 327000 -t 0 -b 32 --color_mode 5 -w 1080 -h 1080 -b 32,6.790297802002897
mpirun -np 16 -hostfile /home/debian/hostfile /home/debian/fractal_mpi -i 20000 -s 4 -cx -0.7454286 -cy 0.1130089 -z 327000 -t 0 -b 32 --color_mode 5 -w 1080 -h 1080 -b 32,6.795146009000746
mpirun -np 16 -hostfile /home/debian/hostfile /home/debian/fractal_mpi -i 20000 -s 4 -cx -0.7454286 -cy 0.1130089 -z 327000 -t 0 -b 32 --color_mode 5 -w 1080 -h 1080 -b 32,6.836803494999913
mpirun -np 16 -hostfile /home/debian/hostfile /home/debian/fractal_mpi -i 20000 -s 4 -cx -0.7454286 -cy 0.1130089 -z 327000 -t 0 -b 32 --color_mode 5 -w 1080 -h 1080 -b 32,6.808260462999897
mpirun -np 16 -hostfile /home/debian/hostfile /home/debian/fractal_mpi -i 20000 -s 4 -cx -0.7454286 -cy 0.1130089 -z 327000 -t 0 -b 32 --color_mode 5 -w 1080 -h 1080 -b 32,6.8084051229998295
mpirun -np 16 -hostfile /home/debian/hostfile /home/debian/fractal_mpi -i 20000 -s 4 -cx -0.7454286 -cy 0.1130089 -z 327000 -t 0 -b 32 --color_mode 5 -w 1080 -h 1080 -b 32,6.832073869998567
mpirun -np 16 -hostfile /home/debian/hostfile /home/debian/fractal_mpi -i 20000 -s 4 -cx -0.7454286 -cy 0.1130089 -z 327000 -t 0 -b 32 --color_mode 5 -w 1080 -h 1080 -b 32,6.817005695000262
mpirun -np 16 -hostfile /home/debian/hostfile /home/debian/fractal_mpi -i 20000 -s 4 -cx -0.7454286 -cy 0.1130089 -z 327000 -t 0 -b 32 --color_mode 5 -w 1080 -h 1080 -b 32,6.784531545999926
mpirun -np 32 -hostfile /home/debian/hostfile /home/debian/fractal_mpi -i 20000 -s 4 -cx -0.7454286 -cy 0.1130089 -z 327000 -t 0 -b 32 --color_mode 5 -w 1080 -h 1080 -b 32,4.190720890997909
mpirun -np 32 -hostfile /home/debian/hostfile /home/debian/fractal_mpi -i 20000 -s 4 -cx -0.7454286 -cy 0.1130089 -z 327000 -t 0 -b 32 --color_mode 5 -w 1080 -h 1080 -b 32,4.016883300999325
mpirun -np 32 -hostfile /home/debian/hostfile /home/debian/fractal_mpi -i 20000 -s 4 -cx -0.7454286 -cy 0.1130089 -z 327000 -t 0 -b 32 --color_mode 5 -w 1080 -h 1080 -b 32,4.123282983000536
mpirun -np 32 -hostfile /home/debian/hostfile /home/debian/fractal_mpi -i 20000 -s 4 -cx -0.7454286 -cy 0.1130089 -z 327000 -t 0 -b 32 --color_mode 5 -w 1080 -h 1080 -b 32,4.168970487000479
mpirun -np 32 -hostfile /home/debian/hostfile /home/debian/fractal_mpi -i 20000 -s 4 -cx -0.7454286 -cy 0.1130089 -z 327000 -t 0 -b 32 --color_mode 5 -w 1080 -h 1080 -b 32,4.09732619100032
mpirun -np 32 -hostfile /home/debian/hostfile /home/debian/fractal_mpi -i 20000 -s 4 -cx -0.7454286 -cy 0.1130089 -z 327000 -t 0 -b 32 --color_mode 5 -w 1080 -h 1080 -b 32,4.131007106003381
mpirun -np 32 -hostfile /home/debian/hostfile /home/debian/fractal_mpi -i 20000 -s 4 -cx -0.7454286 -cy 0.1130089 -z 327000 -t 0 -b 32 --color_mode 5 -w 1080 -h 1080 -b 32,4.090211407001334
mpirun -np 32 -hostfile /home/debian/hostfile /home/debian/fractal_mpi -i 20000 -s 4 -cx -0.7454286 -cy 0.1130089 -z 327000 -t 0 -b 32 --color_mode 5 -w 1080 -h 1080 -b 32,4.096776400998351
mpirun -np 32 -hostfile /home/debian/hostfile /home/debian/fractal_mpi -i 20000 -s 4 -cx -0.7454286 -cy 0.1130089 -z 327000 -t 0 -b 32 --color_mode 5 -w 1080 -h 1080 -b 32,4.049576913999772
mpirun -np 32 -hostfile /home/debian/hostfile /home/debian/fractal_mpi -i 20000 -s 4 -cx -0.7454286 -cy 0.1130089 -z 327000 -t 0 -b 32 --color_mode 5 -w 1080 -h 1080 -b 32,4.132193075001851
mpirun -np 2 -hostfile /home/debian/hostfile /home/debian/fractal_mpi -i 20000 -s 4 -cx -0.7454286 -cy 0.1130089 -z 327000 -t 0 -b 32 --color_mode 5 -w 1920 -h 1920 -b 32,284.29965593700035
mpirun -np 2 -hostfile /home/debian/hostfile /home/debian/fractal_mpi -i 20000 -s 4 -cx -0.7454286 -cy 0.1130089 -z 327000 -t 0 -b 32 --color_mode 5 -w 1920 -h 1920 -b 32,284.3751610930012
mpirun -np 2 -hostfile /home/debian/hostfile /home/debian/fractal_mpi -i 20000 -s 4 -cx -0.7454286 -cy 0.1130089 -z 327000 -t 0 -b 32 --color_mode 5 -w 1920 -h 1920 -b 32,284.3466338750004
mpirun -np 2 -hostfile /home/debian/hostfile /home/debian/fractal_mpi -i 20000 -s 4 -cx -0.7454286 -cy 0.1130089 -z 327000 -t 0 -b 32 --color_mode 5 -w 1920 -h 1920 -b 32,284.3739309850025
mpirun -np 2 -hostfile /home/debian/hostfile /home/debian/fractal_mpi -i 20000 -s 4 -cx -0.7454286 -cy 0.1130089 -z 327000 -t 0 -b 32 --color_mode 5 -w 1920 -h 1920 -b 32,284.35898356399775
mpirun -np 2 -hostfile /home/debian/hostfile /home/debian/fractal_mpi -i 20000 -s 4 -cx -0.7454286 -cy 0.1130089 -z 327000 -t 0 -b 32 --color_mode 5 -w 1920 -h 1920 -b 32,284.32469400000264
mpirun -np 2 -hostfile /home/debian/hostfile /home/debian/fractal_mpi -i 20000 -s 4 -cx -0.7454286 -cy 0.1130089 -z 327000 -t 0 -b 32 --color_mode 5 -w 1920 -h 1920 -b 32,284.35372704600013
mpirun -np 2 -hostfile /home/debian/hostfile /home/debian/fractal_mpi -i 20000 -s 4 -cx -0.7454286 -cy 0.1130089 -z 327000 -t 0 -b 32 --color_mode 5 -w 1920 -h 1920 -b 32,284.3266490430033
mpirun -np 2 -hostfile /home/debian/hostfile /home/debian/fractal_mpi -i 20000 -s 4 -cx -0.7454286 -cy 0.1130089 -z 327000 -t 0 -b 32 --color_mode 5 -w 1920 -h 1920 -b 32,284.3986949680002
mpirun -np 2 -hostfile /home/debian/hostfile /home/debian/fractal_mpi -i 20000 -s 4 -cx -0.7454286 -cy 0.1130089 -z 327000 -t 0 -b 32 --color_mode 5 -w 1920 -h 1920 -b 32,284.35980566299986
mpirun -np 4 -hostfile /home/debian/hostfile /home/debian/fractal_mpi -i 20000 -s 4 -cx -0.7454286 -cy 0.1130089 -z 327000 -t 0 -b 32 --color_mode 5 -w 1920 -h 1920 -b 32,95.46722925599897
mpirun -np 4 -hostfile /home/debian/hostfile /home/debian/fractal_mpi -i 20000 -s 4 -cx -0.7454286 -cy 0.1130089 -z 327000 -t 0 -b 32 --color_mode 5 -w 1920 -h 1920 -b 32,95.45167480099917
mpirun -np 4 -hostfile /home/debian/hostfile /home/debian/fractal_mpi -i 20000 -s 4 -cx -0.7454286 -cy 0.1130089 -z 327000 -t 0 -b 32 --color_mode 5 -w 1920 -h 1920 -b 32,95.5165632040007
mpirun -np 4 -hostfile /home/debian/hostfile /home/debian/fractal_mpi -i 20000 -s 4 -cx -0.7454286 -cy 0.1130089 -z 327000 -t 0 -b 32 --color_mode 5 -w 1920 -h 1920 -b 32,95.41907404599988
mpirun -np 4 -hostfile /home/debian/hostfile /home/debian/fractal_mpi -i 20000 -s 4 -cx -0.7454286 -cy 0.1130089 -z 327000 -t 0 -b 32 --color_mode 5 -w 1920 -h 1920 -b 32,95.41308760000175
mpirun -np 4 -hostfile /home/debian/hostfile /home/debian/fractal_mpi -i 20000 -s 4 -cx -0.7454286 -cy 0.1130089 -z 327000 -t 0 -b 32 --color_mode 5 -w 1920 -h 1920 -b 32,95.44537576499715
mpirun -np 4 -hostfile /home/debian/hostfile /home/debian/fractal_mpi -i 20000 -s 4 -cx -0.7454286 -cy 0.1130089 -z 327000 -t 0 -b 32 --color_mode 5 -w 1920 -h 1920 -b 32,95.458293787
mpirun -np 4 -hostfile /home/debian/hostfile /home/debian/fractal_mpi -i 20000 -s 4 -cx -0.7454286 -cy 0.1130089 -z 327000 -t 0 -b 32 --color_mode 5 -w 1920 -h 1920 -b 32,95.4094016199997
mpirun -np 4 -hostfile /home/debian/hostfile /home/debian/fractal_mpi -i 20000 -s 4 -cx -0.7454286 -cy 0.1130089 -z 327000 -t 0 -b 32 --color_mode 5 -w 1920 -h 1920 -b 32,95.4100828499977
mpirun -np 4 -hostfile /home/debian/hostfile /home/debian/fractal_mpi -i 20000 -s 4 -cx -0.7454286 -cy 0.1130089 -z 327000 -t 0 -b 32 --color_mode 5 -w 1920 -h 1920 -b 32,95.44132508500115
mpirun -np 8 -hostfile /home/debian/hostfile /home/debian/fractal_mpi -i 20000 -s 4 -cx -0.7454286 -cy 0.1130089 -z 327000 -t 0 -b 32 --color_mode 5 -w 1920 -h 1920 -b 32,41.51273249299993
mpirun -np 8 -hostfile /home/debian/hostfile /home/debian/fractal_mpi -i 20000 -s 4 -cx -0.7454286 -cy 0.1130089 -z 327000 -t 0 -b 32 --color_mode 5 -w 1920 -h 1920 -b 32,41.550179858000774
mpirun -np 8 -hostfile /home/debian/hostfile /home/debian/fractal_mpi -i 20000 -s 4 -cx -0.7454286 -cy 0.1130089 -z 327000 -t 0 -b 32 --color_mode 5 -w 1920 -h 1920 -b 32,41.533192295002664
mpirun -np 8 -hostfile /home/debian/hostfile /home/debian/fractal_mpi -i 20000 -s 4 -cx -0.7454286 -cy 0.1130089 -z 327000 -t 0 -b 32 --color_mode 5 -w 1920 -h 1920 -b 32,41.5294658519997
mpirun -np 8 -hostfile /home/debian/hostfile /home/debian/fractal_mpi -i 20000 -s 4 -cx -0.7454286 -cy 0.1130089 -z 327000 -t 0 -b 32 --color_mode 5 -w 1920 -h 1920 -b 32,41.54069934200015
mpirun -np 8 -hostfile /home/debian/hostfile /home/debian/fractal_mpi -i 20000 -s 4 -cx -0.7454286 -cy 0.1130089 -z 327000 -t 0 -b 32 --color_mode 5 -w 1920 -h 1920 -b 32,41.52146398099649
mpirun -np 8 -hostfile /home/debian/hostfile /home/debian/fractal_mpi -i 20000 -s 4 -cx -0.7454286 -cy 0.1130089 -z 327000 -t 0 -b 32 --color_mode 5 -w 1920 -h 1920 -b 32,41.55901668200022
mpirun -np 8 -hostfile /home/debian/hostfile /home/debian/fractal_mpi -i 20000 -s 4 -cx -0.7454286 -cy 0.1130089 -z 327000 -t 0 -b 32 --color_mode 5 -w 1920 -h 1920 -b 32,41.49706042300022
mpirun -np 8 -hostfile /home/debian/hostfile /home/debian/fractal_mpi -i 20000 -s 4 -cx -0.7454286 -cy 0.1130089 -z 327000 -t 0 -b 32 --color_mode 5 -w 1920 -h 1920 -b 32,41.52323335300025
mpirun -np 8 -hostfile /home/debian/hostfile /home/debian/fractal_mpi -i 20000 -s 4 -cx -0.7454286 -cy 0.1130089 -z 327000 -t 0 -b 32 --color_mode 5 -w 1920 -h 1920 -b 32,41.529916571002104
mpirun -np 16 -hostfile /home/debian/hostfile /home/debian/fractal_mpi -i 20000 -s 4 -cx -0.7454286 -cy 0.1130089 -z 327000 -t 0 -b 32 --color_mode 5 -w 1920 -h 1920 -b 32,20.111014141999476
mpirun -np 16 -hostfile /home/debian/hostfile /home/debian/fractal_mpi -i 20000 -s 4 -cx -0.7454286 -cy 0.1130089 -z 327000 -t 0 -b 32 --color_mode 5 -w 1920 -h 1920 -b 32,20.05705151300208
mpirun -np 16 -hostfile /home/debian/hostfile /home/debian/fractal_mpi -i 20000 -s 4 -cx -0.7454286 -cy 0.1130089 -z 327000 -t 0 -b 32 --color_mode 5 -w 1920 -h 1920 -b 32,20.045267857996805
mpirun -np 16 -hostfile /home/debian/hostfile /home/debian/fractal_mpi -i 20000 -s 4 -cx -0.7454286 -cy 0.1130089 -z 327000 -t 0 -b 32 --color_mode 5 -w 1920 -h 1920 -b 32,20.03268218100129
mpirun -np 16 -hostfile /home/debian/hostfile /home/debian/fractal_mpi -i 20000 -s 4 -cx -0.7454286 -cy 0.1130089 -z 327000 -t 0 -b 32 --color_mode 5 -w 1920 -h 1920 -b 32,20.044343590001517
mpirun -np 16 -hostfile /home/debian/hostfile /home/debian/fractal_mpi -i 20000 -s 4 -cx -0.7454286 -cy 0.1130089 -z 327000 -t 0 -b 32 --color_mode 5 -w 1920 -h 1920 -b 32,20.037398734999442
mpirun -np 16 -hostfile /home/debian/hostfile /home/debian/fractal_mpi -i 20000 -s 4 -cx -0.7454286 -cy 0.1130089 -z 327000 -t 0 -b 32 --color_mode 5 -w 1920 -h 1920 -b 32,20.0749808699984
mpirun -np 16 -hostfile /home/debian/hostfile /home/debian/fractal_mpi -i 20000 -s 4 -cx -0.7454286 -cy 0.1130089 -z 327000 -t 0 -b 32 --color_mode 5 -w 1920 -h 1920 -b 32,20.029287592999026
mpirun -np 16 -hostfile /home/debian/hostfile /home/debian/fractal_mpi -i 20000 -s 4 -cx -0.7454286 -cy 0.1130089 -z 327000 -t 0 -b 32 --color_mode 5 -w 1920 -h 1920 -b 32,20.08185236400095
mpirun -np 16 -hostfile /home/debian/hostfile /home/debian/fractal_mpi -i 20000 -s 4 -cx -0.7454286 -cy 0.1130089 -z 327000 -t 0 -b 32 --color_mode 5 -w 1920 -h 1920 -b 32,20.051986474998557
mpirun -np 32 -hostfile /home/debian/hostfile /home/debian/fractal_mpi -i 20000 -s 4 -cx -0.7454286 -cy 0.1130089 -z 327000 -t 0 -b 32 --color_mode 5 -w 1920 -h 1920 -b 32,11.194779032000952
mpirun -np 32 -hostfile /home/debian/hostfile /home/debian/fractal_mpi -i 20000 -s 4 -cx -0.7454286 -cy 0.1130089 -z 327000 -t 0 -b 32 --color_mode 5 -w 1920 -h 1920 -b 32,11.251827333002439
mpirun -np 32 -hostfile /home/debian/hostfile /home/debian/fractal_mpi -i 20000 -s 4 -cx -0.7454286 -cy 0.1130089 -z 327000 -t 0 -b 32 --color_mode 5 -w 1920 -h 1920 -b 32,11.126028086000588
mpirun -np 32 -hostfile /home/debian/hostfile /home/debian/fractal_mpi -i 20000 -s 4 -cx -0.7454286 -cy 0.1130089 -z 327000 -t 0 -b 32 --color_mode 5 -w 1920 -h 1920 -b 32,11.144091919999482
mpirun -np 32 -hostfile /home/debian/hostfile /home/debian/fractal_mpi -i 20000 -s 4 -cx -0.7454286 -cy 0.1130089 -z 327000 -t 0 -b 32 --color_mode 5 -w 1920 -h 1920 -b 32,11.350329080003576
mpirun -np 32 -hostfile /home/debian/hostfile /home/debian/fractal_mpi -i 20000 -s 4 -cx -0.7454286 -cy 0.1130089 -z 327000 -t 0 -b 32 --color_mode 5 -w 1920 -h 1920 -b 32,11.158693592002237
mpirun -np 32 -hostfile /home/debian/hostfile /home/debian/fractal_mpi -i 20000 -s 4 -cx -0.7454286 -cy 0.1130089 -z 327000 -t 0 -b 32 --color_mode 5 -w 1920 -h 1920 -b 32,11.276177101997746
mpirun -np 32 -hostfile /home/debian/hostfile /home/debian/fractal_mpi -i 20000 -s 4 -cx -0.7454286 -cy 0.1130089 -z 327000 -t 0 -b 32 --color_mode 5 -w 1920 -h 1920 -b 32,11.283359002001816
mpirun -np 32 -hostfile /home/debian/hostfile /home/debian/fractal_mpi -i 20000 -s 4 -cx -0.7454286 -cy 0.1130089 -z 327000 -t 0 -b 32 --color_mode 5 -w 1920 -h 1920 -b 32,11.197405471997627
mpirun -np 32 -hostfile /home/debian/hostfile /home/debian/fractal_mpi -i 20000 -s 4 -cx -0.7454286 -cy 0.1130089 -z 327000 -t 0 -b 32 --color_mode 5 -w 1920 -h 1920 -b 32,11.986241173999588
